{"aviral": {"points": 203, "badges": ["helper", "quick_learner"], "completed_modules": ["py1", "web3", "py2", "web2", "web1"], "learning_style": "reading", "performance": {"py1": {"score": 90, "time_spent": 10, "completed_at": "2025-03-11 16:34:46"}, "web3": {"score": 71, "time_spent": 10, "completed_at": "2025-03-11 16:37:51"}, "py2": {"score": 75, "time_spent": 10, "completed_at": "2025-03-12 12:23:15"}, "web2": {"score": 98, "time_spent": 10, "completed_at": "2025-03-12 12:23:35"}, "web1": {"score": 91, "time_spent": 10, "completed_at": "2025-03-12 12:23:54"}}, "login_streak": 2, "last_login": "2025-03-12", "help_count": 12}, "Aviral_T": {"points": 62, "badges": ["helper"], "completed_modules": ["web2"], "learning_style": "kinesthetic", "performance": {"web2": {"score": 88, "time_spent": 10, "completed_at": "2025-03-12 11:32:49"}}, "login_streak": 1, "last_login": "2025-03-12", "help_count": 3}}